{"cameraMode":{"drawMode":0,"name":"Shaded","section":"Shading Mode"},"sceneLighting":false,"audioPlay":false,"sceneViewState":{"showFog":true,"showMaterialUpdate":false,"showSkybox":false,"showFlares":true,"showImageEffects":true,"showParticleSystems":true},"in2DMode":false,"pivot":{"x":10.100000381469727,"y":15.449999809265137,"z":-9.970000267028809},"rotation":{"x":0.3134063184261322,"y":0.028484391048550607,"z":-0.009403711184859276,"w":0.9491452574729919},"size":29.461164474487306,"orthographic":false}