{"cameraMode":{"drawMode":0,"name":"Shaded","section":"Shading Mode"},"sceneLighting":false,"audioPlay":false,"sceneViewState":{"showFog":true,"showMaterialUpdate":false,"showSkybox":false,"showFlares":true,"showImageEffects":true,"showParticleSystems":true},"in2DMode":false,"pivot":{"x":24.511003494262697,"y":-4.724031448364258,"z":-13.298809051513672},"rotation":{"x":-0.11792615801095963,"y":-0.8378686904907227,"z":0.19999751448631288,"w":-0.4940349757671356},"size":42.47088623046875,"orthographic":false}